1,team turbo,user1,test,user1,testuser1@acme.com,0
2,team turbo,user2,test,user2,testuser2@acme.com,0
3,team turbo,user3,test,user3,testuser3@acme.com,0
4,team turbo,user4,test,user4,testuser4@acme.com,0
5,team turbo,user5,test,user5,testuser5@acme.com,0
6,team turbo,user6,test,user6,testuser6@acme.com,0
7,team turbo,user7,test,user7,testuser7@acme.com,0
8,team turbo,user8,test,user8,testuser8@acme.com,0
9,team turbo,user9,test,user9,testuser9@acme.com,0
10,team turbo,user10,test,user10,testuser10@acme.com,0
11,team turbo,user11,test,user11,testuser11@acme.com,0
12,team turbo,user12,test,user12,testuser12@acme.com,0
13,team turbo,user13,test,user13,testuser13@acme.com,0
14,team turbo,user14,test,user14,testuser14@acme.com,0
15,team turbo,user15,test,user15,testuser15@acme.com,0
16,team turbo,user16,test,user16,testuser16@acme.com,0